"","V1","V2"
"1"," 8.310534663992833","45.091916882056154"
"2"," 8.283234663992832","45.193241854298932"
"3"," 8.337834663992833","45.951191687755617"
"4"," 8.528934663992832","46.210133284487171"
"5"," 9.151800000000000","46.647820324027549"
"6","10.344600000000000","46.782920287017923"
"7","10.672200000000000","46.647820324027549"
"8","11.649965336007169","44.855491946823008"
"9"," 9.302233883902380","44.512570857890431"
"10"," 9.103075768689173","44.519338127724374"
"11"," 8.523899998787565","44.868138117750526"
"12"," 8.548354377075727","45.177147488782651"
"13"," 8.412616909408023","45.158488426045253"
"14"," 8.296884663992833","45.142579368177543"
"15"," 8.361575786700428","45.125202654050703"
"16"," 8.347925786700428","45.175865140172093"
"17"," 8.417217331390196","44.980027499903343"
"18"," 8.310534663992833","45.572216771027271"
"19"," 8.469705435902345","45.077215661455440"
"20"," 8.425114983026827","45.112101357821309"
"21"," 8.296884663992833","45.382729312663102"
"22"," 8.363875997691514","45.035972190979749"
"23"," 8.501758839439653","45.130101227384415"
"24"," 8.400118835789216","45.204875494269189"
"25"," 8.378043495584929","45.080788882722530"
"26"," 8.474236606432472","45.191011491525920"
"27"," 8.336685907978371","45.224642048693681"
"28"," 8.290059663992833","45.287985583481017"
"29"," 8.417459279176644","45.295079544334925"
"30"," 8.390979508368833","45.251724270355460"
"31"," 8.475314479378268","45.251247721381617"
"32"," 8.616984264328586","45.063071414409606"
"33"," 8.555169301793779","45.346421711180703"
"34"," 8.588089089213689","45.121773030421224"
"35"," 8.496451095222890","45.306878714468368"
"36"," 8.544809484226946","45.077924504708335"
"37"," 8.748223156709905","45.129010204037300"
"38"," 8.597711374813487","45.257385407721898"
"39"," 8.434613916935616","45.395741655840290"
"40"," 8.508494435864423","45.010702093015333"
"41"," 8.662952000187074","45.184141392043763"
"42"," 8.669585003359837","45.109260867580268"
"43"," 8.562847872379720","45.298590008070676"
"44"," 8.682541768831397","45.322132973714851"
"45"," 8.616206863093936","45.327190663388507"
"46"," 8.661926559925281","45.408657167337793"
"47"," 8.610037338319938","45.376235921394276"
"48"," 8.555518453947190","45.458150312518363"
"49"," 8.538955037553611","45.402312142036379"
"50"," 8.598950766096861","45.422684955693136"
"51"," 8.665253021552930","45.495412996909721"
"52"," 8.444414850678969","45.343812648338620"
"53"," 8.370581682563889","45.363139313965512"
"54"," 8.607656444531905","45.163897466327143"
"55"," 8.608787870198274","45.210972726683870"
"56"," 8.680567909886440","45.243593450344108"
"57"," 8.542653538404270","45.226800802992472"
"58"," 8.757918255538689","45.019561427048053"
"59"," 8.694702683592835","45.147986197466111"
"60"," 8.765350231722326","45.201651832312706"
"61"," 8.481709117175663","45.440148382696385"
"62"," 8.498771578742394","45.367219227907320"
"63"," 8.303709663992834","45.477473041845187"
"64"," 8.293472163992833","45.335357448072060"
"65"," 8.351802360231678","45.309464979425861"
"66"," 8.649834401646785","45.283269946474455"
"67"," 8.713338096071643","45.282455672089583"
"68"," 8.796411606657388","45.341289603277133"
"69"," 8.731461550350835","45.073309201293910"
"70"," 8.709009817310934","45.208236145623168"
"71"," 8.746195744655861","45.244303881100080"
"72"," 8.861627430914817","45.247231872055934"
"73"," 8.787173400635323","45.288604499197369"
"74"," 8.473936347936037","45.542609056592767"
"75"," 8.680846671219191","45.030401602669137"
"76"," 8.878081870090481","45.079935628300930"
"77"," 8.868178294466807","45.308113344951465"
"78"," 8.498052183480626","45.492161692291461"
"79"," 8.300297163992834","45.430101177254144"
"80"," 8.599782279435974","44.997734088750782"
"81"," 8.803463413341010","45.091391887078714"
"82"," 9.015999341497835","45.269377698564767"
"83"," 8.914632245876918","45.415574716591408"
"84"," 8.580594766500841","45.521542461890327"
"85"," 8.399192541643218","45.496214630828959"
"86"," 8.365060046123144","45.451469571459668"
"87"," 8.354603288999259","45.406882887916190"
"88"," 8.425505610461792","45.456959102425799"
"89"," 8.813487883738368","44.693738122737450"
"90"," 8.827164551071611","45.040442298716059"
"91"," 8.863271524943514","45.160430479300281"
"92"," 8.934440997332501","45.273855096879814"
"93"," 8.870188500251944","45.366523466397595"
"94"," 8.709307969961774","44.988436754826886"
"95"," 8.780186254608825","44.966888074335493"
"96"," 8.810376059336434","45.136073148176699"
"97"," 8.938152561339871","45.204562748319539"
"98"," 8.983538329659845","45.348922518275344"
"99"," 8.786790038234484","45.439875192011598"
"100"," 8.950638300440630","44.995715849049411"
"101"," 8.971837625747291","45.240180200189037"
"102"," 9.043390976652297","45.179718383813757"
"103"," 9.032522263329144","45.224988705923401"
"104"," 9.150309129545874","45.216115852303638"
"105"," 9.097398432417069","45.261073014343701"
"106"," 8.931505687050009","45.372976134866590"
"107"," 8.926846123298427","45.327093257698657"
"108"," 9.002209084016183","45.410269132943405"
"109"," 8.808160601626918","45.391406974058604"
"110"," 8.850667221381650","45.427607065536904"
"111"," 8.735425138112253","45.401682353047640"
"112"," 8.912511783132611","45.502585421513281"
"113"," 8.837514002450206","45.483644657372963"
"114"," 8.897732048122377","45.030516927803738"
"115"," 8.849964774411813","44.990196201642931"
"116"," 9.010554971337621","45.080107952928465"
"117"," 8.944352443841787","45.066677406968822"
"118"," 8.952876230866689","45.135203161216523"
"119"," 9.068337227426955","45.323426486598358"
"120"," 8.713378946954187","45.453528486068407"
"121"," 8.691718351450614","45.367763586941294"
"122"," 8.828005443211023","45.588079593572964"
"123"," 8.872921946211846","44.890186376516851"
"124"," 9.235429085558392","45.305591625984796"
"125"," 8.754482611732127","45.512673508536189"
"126"," 8.853378964695320","45.536819949070455"
"127"," 9.041414916060143","44.731970725538062"
"128"," 8.841697795770358","44.937878749363982"
"129"," 9.175203346594225","45.269428108871033"
"130"," 8.967909096397921","45.594578524099930"
"131"," 8.791797305891540","45.550101316161786"
"132"," 8.715646362064447","45.614938339766496"
"133"," 8.716484439900562","45.560205930662647"
"134"," 9.295067331436858","45.211250138195503"
"135"," 9.155151860301352","45.330133518099537"
"136"," 8.899240394257584","45.577236175043367"
"137"," 8.890534264339626","45.672857824933672"
"138"," 8.876008149607102","45.624170007326597"
"139"," 8.790974406999757","45.662563379439263"
"140"," 8.622903848040044","45.586844321158232"
"141"," 9.246621779206967","45.252413355841597"
"142"," 9.115787876390137","45.300077868104431"
"143"," 9.256198879140118","45.419512125321603"
"144"," 9.101765653197491","45.392680512999583"
"145"," 9.221949640516167","45.202472006170773"
"146"," 9.373003996394628","45.293175032449454"
"147"," 9.223321946497620","45.364644074682218"
"148"," 9.107859544596003","45.352436505080640"
"149"," 9.162269546414763","45.374567215558656"
"150"," 9.044936548673803","45.367932669573712"
"151"," 9.166577820544905","45.442522636051166"
"152"," 9.152267899590315","45.118580455851401"
"153"," 9.301765055347690","45.285525026112857"
"154"," 9.323385584571355","45.355861228956037"
"155"," 9.278527674320928","45.121784349144299"
"156"," 9.170545537198599","45.167545466427732"
"157"," 9.108304004584017","45.180750705862636"
"158"," 9.214765222287909","45.132900900496196"
"159"," 9.077395139382681","45.130582973378182"
"160"," 9.219057237895012","45.046604598008720"
"161"," 9.276876761505047","45.380731103114158"
"162"," 9.269733200505197","45.339339418331434"
"163"," 9.360188218770460","45.425598149561388"
"164"," 9.267575053781870","45.168330345321543"
"165"," 9.379202998764288","45.157801363796047"
"166"," 9.090040937989095","45.220024469464903"
"167"," 9.015604269304102","45.139336350536752"
"168"," 9.097438318252770","45.069224408800331"
"169"," 8.436743244111316","45.030472725818917"
"170"," 8.470558665088879","44.924082808826938"
"171"," 8.562547388057826","45.034419670280990"
"172"," 8.606909294859117","45.482004995322818"
"173"," 8.651887550573967","45.452016663114023"
"174"," 8.391805502809445","45.556202128299191"
"175"," 8.450196888770462","45.602816505846498"
"176"," 8.307122163992833","45.524844906436229"
"177"," 8.324184663992831","45.761704229391441"
"178"," 8.535125141140236","45.587569721569530"
"179"," 8.875916966119233","45.203961321577914"
"180"," 8.963975935970282","45.459706778460266"
"181"," 9.068177001545523","45.468559909434077"
"182"," 9.006303147724545","45.522822972952682"
"183"," 8.894035034550647","45.122375772538945"
"184"," 8.918644490748555","45.166972776271606"
"185"," 8.975943919448437","45.173178662115205"
"186"," 9.011444834749254","45.311581126200608"
"187"," 8.720134451419941","44.936358138683239"
"188"," 8.648266566600350","44.955348939257433"
"189"," 8.668693941262966","44.780938120243988"
"190"," 8.926889111517898","44.937274124967416"
"191"," 8.559666154054879","44.938980649573544"
"192"," 8.902333395538459","44.974048214470919"
"193"," 9.016768552169840","44.845395324770877"
"194"," 8.953688626349193","44.882280919027473"
"195"," 8.893723761543603","44.784164225067492"
"196"," 9.073273951112844","44.940659978813045"
"197"," 8.904296464207530","44.839274829161596"
"198"," 8.999403543131752","44.953922311185458"
"199"," 9.025465335032067","44.898945723950582"
"200"," 8.880867243782903","44.726609694657924"
"201"," 8.964481443491522","44.805311181246203"
"202"," 9.057563362623075","45.007607397406233"
"203"," 9.148940945577653","44.861579151591009"
"204"," 9.030392260097651","44.687966796043249"
"205"," 9.094873745739640","44.893194610389827"
"206"," 9.197372972991001","44.943232593959372"
"207"," 9.135851568176648","44.928948821010735"
"208"," 9.141592735323794","44.991070927409076"
"209"," 8.953256418384344","44.753503708406136"
"210"," 8.958281826213771","44.606538125230912"
"211"," 9.084581522442811","44.764338043611801"
"212"," 9.016638934766824","44.773021263609998"
"213"," 9.214946240253743","44.994198195517264"
"214"," 9.332646739233192","44.946463569750620"
"215"," 9.310619089599275","45.016654573963997"
"216"," 9.264371944377549","44.958474584269169"
"217"," 9.264847349244652","44.874658242486177"
"218"," 9.286151367293296","44.916628752292326"
"219"," 9.313455219953161","44.583503566177313"
"220"," 9.110453887118076","45.027535647826099"
"221"," 9.157905361954757","45.056975190469885"
"222"," 9.138362130060161","44.696874321924703"
"223"," 8.770613804948216","44.826641262883072"
"224"," 8.782098072154463","44.888909556788164"
"225"," 8.741090912500665","44.737338121490723"
"226"," 8.885884854976073","44.650138123984178"
"227"," 8.949596415307942","44.695377315984260"
"228"," 8.666584465162876","44.911840620257557"
"229"," 8.602719501263591","44.904495458652271"
"230"," 8.714456262540821","44.874969467236930"
"231"," 8.596296970025268","44.824538118997253"
"232"," 8.644806139068416","44.863122782428917"
"233"," 8.693488694869801","44.827478645764721"
"234"," 8.982935153170073","44.652404053559827"
"235"," 9.030678797451470","44.562938126477647"
"236"," 9.046894220830408","44.642794573741739"
"237"," 9.123413337356672","44.643268858050476"
"238"," 8.840325137635741","44.817463623271955"
"239"," 9.086980882732741","44.676318615506297"
"240"," 9.202654826295777","44.515954492807403"
"241"," 9.133910247764355","44.602073212709890"
"242"," 9.123679506041967","44.559719470153226"
"243"," 9.206318202501048","44.632766618707763"
"244"," 9.200356962949767","44.572076876271737"
"245"," 9.396611409325663","44.580263605816974"
"246"," 9.250377699246741","44.600064345762839"
"247"," 9.262555826406304","44.552159737087258"
"248"," 9.567121095247312","45.119366910430699"
"249"," 8.779407537961610","45.617690857367890"
"250"," 8.815205438911804","45.793776432074814"
"251"," 8.642442035863132","45.540741951132908"
"252"," 9.199508287222029","45.407410072492908"
"253"," 9.443999906276446","45.363208561763450"
"254"," 9.268496152617818","45.544498390293590"
"255"," 8.479857555949765","44.969552977259497"
"256"," 8.532521898217025","45.545653523388943"
"257"," 8.580814803332020","45.698355187176077"
"258"," 9.060137501422753","45.425011588015359"
"259"," 9.013154605294767","45.481679384036404"
"260"," 8.946348903751433","45.543581841689388"
"261"," 8.547298735808559","44.979653144380457"
"262"," 8.522664975395278","44.908483937213568"
"263"," 9.047526301201453","45.048312731213720"
"264"," 8.990254401396111","45.041199910379426"
"265"," 9.478812488074583","44.646676708476193"
"266"," 9.288312614693377","45.068244394183829"
"267"," 9.233626402446703","45.090176903570118"
"268","10.476099609954776","44.684031402356723"
"269"," 9.347325055882735","45.053007354482965"
"270"," 9.672553375611924","45.244151669460635"
"271"," 9.357092495670425","45.106362194180910"
"272"," 9.431993733603658","45.118080032668928"
"273"," 9.518785381663930","45.155736150039758"
"274"," 9.504179313414571","45.204785990861041"
"275"," 9.450967624526399","45.168704465830963"
"276"," 9.406121013674687","44.995086840672556"
"277"," 9.416795127348788","45.232476674219193"
"278"," 9.448967099658928","44.534003425948711"
"279"," 9.348244731704812","44.628688759085641"
"280"," 9.375600491780652","44.523287141919567"
"281"," 9.401211387063338","44.683298083751673"
"282"," 9.595700315415476","44.555435994006999"
"283"," 9.889166746928577","44.598301130123573"
"284"," 9.379662348154691","44.868667678148263"
"285"," 9.558437478746960","45.241288680326022"
"286"," 9.309508902735933","44.672205005946118"
"287"," 9.608487598695872","45.181988752746769"
"288"," 9.548726943201867","45.324999965889134"
"289"," 9.485024491038105","45.258137905129431"
"290"," 9.573161662606921","45.284303110132456"
"291"," 9.646203340137825","45.330768992832340"
"292"," 8.820768266262990","44.762969020454776"
"293"," 8.761452467921094","44.781045125570763"
"294"," 8.582384582035523","44.865218548246467"
"295"," 8.828315945657460","44.860298686795225"
"296"," 9.069532591577502","44.599681037774609"
"297"," 9.477184930710024","44.588543294973782"
"298"," 9.416439197356775","44.626903723950299"
"299"," 9.522333707537202","44.544719709977855"
"300"," 9.560773597802852","44.616427632785602"
"301"," 8.828996135632709","45.725729046571850"
"302"," 9.386048385921088","45.339805121512875"
"303"," 9.448051117452849","45.306709825549127"
"304"," 9.491000486464273","45.336604553917681"
"305"," 9.548664141395159","45.403897319193177"
"306"," 9.499791472693738","45.379012743242676"
"307"," 9.463012287743823","45.452794678817632"
"308"," 9.451279491972432","45.408242712358508"
"309"," 9.134393741348998","45.552211939580765"
"310"," 9.237670696789539","45.483243996340477"
"311"," 8.579843038793671","45.638360007723655"
"312"," 8.650007466764979","45.633343027434648"
"313"," 8.710044450268072","45.673665804436254"
"314"," 8.488945342285721","45.669112788406444"
"315"," 8.643614832873979","45.681164052114596"
"316"," 8.695438896037723","45.761530203946855"
"317"," 8.635218896915735","45.732634613535573"
"318"," 8.693773535506233","45.716837413002096"
"319"," 8.593615421809545","45.823334870004523"
"320"," 8.760853801704062","45.706586131282485"
"321"," 8.549581945732228","45.762811584191532"
"322"," 8.632324677606752","45.782175575438103"
"323"," 8.715119754427638","45.851770102682174"
"324"," 8.659981733742589","45.825313017244888"
"325"," 8.621889184682146","45.908359059925708"
"326"," 8.518862432074467","45.630313909075440"
"327"," 9.347850179890605","45.245507481146795"
"328"," 9.356974632281061","45.200459439606078"
"329"," 9.638713426428421","45.284252922152916"
"330"," 9.737995007624983","45.299662440314208"
"331"," 9.436027972839733","45.054762050142806"
"332"," 9.349590213682362","44.986035440535147"
"333"," 9.424169535444072","44.928537340588257"
"334"," 9.743220098601039","45.098298260884654"
"335"," 9.616327880635554","45.225791212611661"
"336"," 9.667557458426513","45.198853580412468"
"337"," 9.669210876310961","45.134687151792960"
"338"," 9.782476838945222","45.215176637105110"
"339"," 9.530899371627767","44.763248356511212"
"340"," 9.332879139280061","44.772569089555482"
"341"," 9.742433531172027","44.576868562065286"
"342"," 8.837083398795857","45.685824092872714"
"343"," 8.990981726785083","45.777214954249217"
"344"," 9.593221589580425","45.364466725428436"
"345"," 9.703343962207878","45.414705021882689"
"346"," 9.625163045595466","45.415442231384134"
"347"," 9.663543135310992","45.376637686059844"
"348"," 9.710532588194454","45.342968151354846"
"349"," 9.831740508627654","45.356089077042682"
"350"," 9.773727094736742","45.337319003523447"
"351"," 9.838552750427901","45.278457223065473"
"352"," 9.773777486508926","45.392365487588066"
"353"," 9.666083120606290","45.514068767822998"
"354"," 9.565609436057935","45.481693051310984"
"355"," 9.665095536315350","45.460633506726360"
"356"," 9.887445800961808","45.682137645360022"
"357"," 9.577794305945799","45.440499483820254"
"358"," 9.782540562400920","45.486248341802302"
"359"," 9.844193506308754","45.408005197079994"
"360"," 9.718083348461722","45.486856143202075"
"361"," 9.751642221668170","45.558529008785676"
"362"," 9.761297606218813","45.440109901332129"
"363","10.261730783041068","45.133171529331463"
"364"," 9.828142049311074","45.453066672805043"
"365"," 9.935281801786164","45.546853347519956"
"366","11.161082668003584","45.751656135425279"
"367","10.224561736283500","45.447377581432889"
"368"," 9.950015475783649","45.865153566559407"
"369","10.210726989644371","45.272966686180283"
"370"," 9.078391582322963","45.519631903788188"
"371"," 9.150373952836960","45.497350547188852"
"372"," 9.054958966380793","45.581029017996215"
"373"," 9.199748367355882","45.533306412272673"
"374"," 9.209188777575834","45.617043359331667"
"375"," 9.186050799640094","45.576234273154775"
"376"," 9.123336241628135","45.618127266438336"
"377"," 9.168952565203178","45.726294500317032"
"378"," 9.031550194045320","45.653741461155043"
"379"," 9.167500536126933","45.667615824331214"
"380"," 9.066203131175612","45.621154612419140"
"381"," 9.099360262066602","45.663842427477711"
"382"," 9.047148862328777","45.721493356176524"
"383"," 9.313856097731517","45.695116557334025"
"384"," 9.235248675413901","45.696108993291169"
"385"," 9.273373541128898","45.647973860247596"
"386"," 9.277015427813897","45.795147971471252"
"387"," 9.275648304439164","45.596122772151837"
"388"," 9.400194331171360","45.561254301122112"
"389"," 9.331037017744626","45.566142669237202"
"390"," 9.340462542631936","45.495325404919839"
"391"," 9.375261697087332","45.633323678837293"
"392"," 9.236578167449906","45.749835763424841"
"393"," 9.310620008711698","45.747985438472959"
"394"," 9.144340334981415","45.823694801264978"
"395"," 9.443448771337239","45.725648635834844"
"396"," 9.175876799973443","45.777473909141328"
"397"," 9.089043061762730","45.775845621464178"
"398"," 9.401375411429425","45.810667606352844"
"399"," 9.372624295540403","45.723436826748966"
"400"," 9.410828411731917","45.678931043625617"
"401"," 9.405626264915824","45.763919954623859"
"402"," 9.493847907442383","45.616019867518361"
"403"," 9.519519804745055","45.792676345176709"
"404"," 9.438390991356146","45.638085095300688"
"405"," 9.507339753223041","45.679909470084546"
"406"," 9.107328594535351","45.733240849546952"
"407"," 9.041856130531526","45.843894854442524"
"408"," 9.342529938823690","45.789275263756807"
"409"," 9.323165833649171","45.868441594764811"
"410"," 9.086769525136004","45.817412961359757"
"411"," 9.105730204570254","45.866492700503159"
"412"," 9.214120717761407","45.886098061386498"
"413"," 9.017709521640350","45.936073143586768"
"414"," 9.047982161554485","45.892416354034324"
"415"," 9.135269339723154","45.945843457053613"
"416"," 8.924497819388556","45.875912577836672"
"417"," 8.989498434106213","45.871725544972620"
"418"," 8.950727698732569","45.824153859054057"
"419"," 8.872338613860705","45.833156115584224"
"420"," 8.900188600806725","45.769764973854279"
"421"," 8.809389051182199","45.909946552062777"
"422"," 8.795322558777679","45.849329476892557"
"423"," 8.858934436882853","45.879109252026758"
"424"," 8.898372367224297","45.947163272137580"
"425"," 8.317359663992832","45.666960500209356"
"426"," 8.766146831568959","45.757140990194166"
"427"," 8.746052290897108","45.805946413214727"
"428"," 8.513608874086977","45.717829252533527"
"429"," 8.436721796001962","45.779030575291721"
"430"," 8.421550330134631","45.714064401267606"
"431"," 8.489383822794284","45.757543512267802"
"432"," 8.509913010998938","45.815970760817443"
"433"," 8.541871031759632","45.877024524956283"
"434"," 9.500120256316270","45.088570067776800"
"435"," 9.550654933767840","44.991791374780469"
"436"," 9.578371050053775","45.054296145959242"
"437"," 9.505973535726080","45.035008584203787"
"438"," 9.478096214776754","44.986910492574118"
"439"," 9.523012326285196","44.923844243199746"
"440"," 9.368361122658692","44.911329395856058"
"441"," 9.613785048575622","45.141921589172235"
"442"," 9.627392630351816","45.091651800883604"
"443"," 9.694694545652345","45.011501927717127"
"444"," 9.645064481571296","45.044731114816663"
"445"," 9.624790631032468","44.993757679134127"
"446"," 9.708821477971904","45.057791259899709"
"447"," 9.816639514615419","45.016758626768024"
"448"," 9.776747588829874","45.056066549455679"
"449"," 9.894248496188508","45.086925002094439"
"450"," 9.820047862345058","45.101511204567593"
"451"," 9.590114931402102","44.946758534640303"
"452"," 9.843432547598661","45.058620142594961"
"453"," 9.939087912439431","45.008427816318445"
"454"," 9.887455981896288","45.172879880936840"
"455"," 9.777176813924894","45.154282061558789"
"456"," 9.613432633260924","44.850333954978701"
"457"," 9.691608990436231","44.938579551185320"
"458"," 9.870582208647194","45.129085185065385"
"459"," 9.970017489208345","45.133094262646281"
"460"," 9.826003790465899","45.182678807577808"
"461"," 9.872390119085962","45.227886645654579"
"462"," 9.730613026124402","45.186914745330469"
"463"," 9.582736075199318","44.896197387898816"
"464"," 9.491764836980030","44.842668425404348"
"465"," 9.655800139289271","44.892974538438210"
"466"," 9.525383949538185","44.879722118094612"
"467"," 9.456832578086541","44.885147192100973"
"468"," 9.740442374192051","44.818007174982249"
"469"," 9.683319981848344","44.846964609158441"
"470"," 9.641263834169242","44.773380037163200"
"471"," 9.768083614015035","44.889050577776935"
"472"," 9.987731920847420","45.215448512856831"
"473"," 9.943038196841567","45.283065787084070"
"474"," 9.926951360189944","45.206955015877000"
"475"," 9.738892643064831","45.251686247298693"
"476"," 9.481840461150181","44.710209389029167"
"477"," 9.345460721418515","44.719504082274241"
"478"," 9.419107295305494","44.755706459261631"
"479"," 9.236466463590252","44.733612739865166"
"480"," 9.294535538615786","44.740637247129932"
"481"," 9.251905577577643","44.794466052867222"
"482"," 9.316893496184116","44.829743913695481"
"483"," 9.170289452849802","44.773604866988954"
"484"," 9.394359441307396","44.811291755724973"
"485"," 9.133653839237018","44.739628130210136"
"486"," 9.192261482121285","44.821633945343144"
"487"," 9.118043575507302","44.812525575693449"
"488"," 9.462514495147165","44.796170047387008"
"489"," 9.431207795485664","44.845755854275872"
"490"," 9.669066923293752","44.566152278036142"
"491"," 9.807224658990117","45.531141766407245"
"492"," 9.866249766570428","45.498742795721199"
"493"," 9.814604165990916","45.581253257424592"
"494"," 9.787812238299235","45.672067762925941"
"495"," 9.748569210786078","45.618737317310938"
"496"," 9.819138277289372","45.629359335509349"
"497","10.094203219794052","45.252829785548172"
"498","10.056734647467698","45.209715872825406"
"499"," 9.789084743141423","45.761698043159839"
"500"," 9.648365123697065","45.690388898252770"
"501"," 9.658002923740954","45.586234747680457"
"502"," 9.714093154089992","45.665712496099523"
"503"," 9.740772896792580","45.729136278442070"
"504"," 9.651944356797266","45.638253296774039"
"505"," 9.581237530478260","45.661907153410439"
"506"," 9.589220283292732","45.608336751216697"
"507"," 9.571596748065280","45.728100734019350"
"508"," 9.591383989513606","45.546115294105526"
"509"," 9.535862766619161","45.576260160540691"
"510"," 9.467613855219399","45.570670117692650"
"511"," 9.524939638501090","45.524836587034265"
"512"," 9.447422286964775","45.516577751737188"
"513"," 9.505093556492012","45.483939764163175"
"514"," 9.609756452757809","45.507523233613611"
"515"," 9.388517277006285","45.519882125123480"
"516"," 9.400260980719874","45.471889502241218"
"517"," 9.948001969528407","45.450860795799059"
"518"," 9.003958902991258","45.563301448798377"
"519"," 8.956627118411221","45.717243227724587"
"520"," 9.285308799539347","45.505597219040858"
"521"," 9.294576530976942","45.458444615425037"
"522"," 8.954012809705644","45.919503204282947"
"523"," 8.963507456817823","45.971630099016252"
"524"," 9.064968540478679","46.011684508339087"
"525"," 8.870217803748613","46.041872789338576"
"526"," 9.023622934286747","45.979528320544482"
"527"," 9.074353071307501","45.954073310952445"
"528"," 8.977047691437388","46.039721629982495"
"529"," 8.902994177122967","45.997354118161596"
"530"," 8.797039975085740","45.985969588278223"
"531"," 8.386093657380357","45.751675874426979"
"532"," 8.331009663992832","45.856447958573526"
"533"," 8.320772163992832","45.714332364800399"
"534"," 8.370233730692137","45.804233285823138"
"535"," 8.435922805328239","45.835302485793456"
"536"," 8.406944918396045","45.654639843045565"
"537"," 8.371033943241690","45.689771045823477"
"538"," 8.368036691389829","45.607880050557149"
"539"," 8.601695372289010","45.866874597061539"
"540"," 8.662505287242515","45.875021887065202"
"541"," 8.728272487399188","45.908952408903382"
"542"," 8.767975898343636","45.945037605121399"
"543"," 8.680922376585468","46.002305446886524"
"544"," 8.699476788510847","45.954303790187275"
"545"," 8.621816300553524","45.964818566326379"
"546"," 8.548782820321106","45.998794406086773"
"547"," 8.548225400861742","45.936540320138761"
"548"," 8.433384663992834","46.080662486121398"
"549"," 8.445647893069150","45.912197091664311"
"550"," 8.683703247421493","46.101793083655636"
"551"," 8.334422163992832","45.903819823164568"
"552"," 8.504078628106274","45.909014173478944"
"553"," 8.480179212353235","45.960395484466069"
"554"," 8.470721998369180","45.871818066090313"
"555"," 8.407363782427074","45.875906382701096"
"556"," 8.385609663992831","46.015927086938504"
"557"," 8.408979396668977","45.956010908966697"
"558"," 8.469853739000506","46.020274130804125"
"559"," 8.546793970545307","46.079793260243420"
"560"," 8.525039829794133","46.039008848788022"
"561"," 8.607073491640101","46.040036531693005"
"562"," 8.615562334158724","46.089797062681043"
"563"," 8.840367331996415","46.428976804257360"
"564"," 8.481159663992832","46.145397885304284"
"565"," 8.624339597065038","46.169097496522085"
"566"," 8.567603946408965","46.132403381695447"
"567"," 8.564681739507567","46.175434099539771"
"568"," 8.684650997994623","46.319555044372265"
"569"," 8.606792830993728","46.264844164429718"
"570"," 8.594738124853926","46.217976229003419"
"571"," 8.715674047996099","46.226331036556253"
"572"," 8.657091441161816","46.208229893632399"
"573"," 8.708223576138499","46.159836735228438"
"574"," 8.799982904789788","46.108395187454278"
"575"," 8.740037904798712","46.121315364196818"
"576"," 8.746856275135979","46.060045642159253"
"577"," 8.793164534452513","46.169664909491836"
"578"," 8.677954402851984","46.052111421352826"
"579"," 8.811910270352259","46.062642007431592"
"580"," 8.870257243842921","46.094072220655988"
"581"," 9.475458445606423","44.946258297829900"
"582"," 9.759089975521892","44.973617252225800"
"583"," 9.754301556105483","45.016329814120120"
"584"," 9.751233868101208","44.930663644716560"
"585"," 9.862934624309624","44.931192790694169"
"586"," 9.825020770141965","44.969899557248134"
"587"," 9.891798623032319","44.974444800941392"
"588"," 9.984710059019434","44.916270290726509"
"589"," 9.957852164189609","44.961326931156520"
"590","10.083103303021128","44.972806924043226"
"591","10.014854203079810","44.998370438542381"
"592","10.024787008399265","44.952636248275837"
"593","10.095002068533940","44.883706572810816"
"594","10.112422635779495","45.072007843122890"
"595"," 9.993223366370753","45.065866070179055"
"596","10.078177112232863","45.025360801453445"
"597","10.211069145145720","45.005321560817656"
"598","10.148579601154244","45.028727764932370"
"599","10.030097497829479","45.260878153991776"
"600","10.179935137740344","45.071438252909232"
"601"," 9.895869000783154","45.601507456176698"
"602","10.146829466305455","45.111065916165842"
"603","10.061544306229962","45.134860464784722"
"604"," 9.594932078095797","44.694934772985398"
"605"," 9.080157712102766","44.849005918993988"
"606"," 9.684440389045548","44.645945610628971"
"607"," 9.696415613431265","44.604116193552606"
"608"," 9.773607777637000","44.637180545302407"
"609"," 9.629640661621544","44.616152007242725"
"610"," 9.965227423765585","45.641986884300636"
"611"," 9.829910888292664","45.809085861754561"
"612"," 9.948032939935906","45.754925992525472"
"613"," 9.878893384820527","45.849218183038744"
"614"," 9.885338192785897","45.376249782534259"
"615","10.199887254995057","45.359090342926692"
"616","10.146125822124613","45.281613930072105"
"617"," 9.924237704394157","45.410312512354146"
"618","10.048401439671514","45.877485850113949"
"619"," 9.890885199087016","45.322295879958240"
"620","10.036494984601749","45.467870722025914"
"621","10.168705811685426","45.422969831855390"
"622"," 9.950478729443907","45.326359264601962"
"623"," 9.956990569368847","45.701862592647693"
"624"," 9.945043453216366","45.368942965963690"
"625"," 9.963173121730923","45.914697453649005"
"626"," 9.875671904396782","45.640970531370542"
"627"," 9.660829624568223","45.827407980286765"
"628"," 9.868151194777955","45.551897108842262"
"629"," 9.719405742273199","45.875395073843187"
"630"," 9.895396522287610","45.900583018991924"
"631","10.138883183966337","45.332432972207449"
"632","10.015418847658083","45.735252644158003"
"633","10.008557858329228","45.315994356329462"
"634","10.138937470007734","45.381311741675560"
"635","10.052854669270806","45.364021669352226"
"636"," 9.905682120446032","45.797219116240548"
"637"," 9.830445516992452","45.925581787813655"
"638"," 9.752755580933234","45.801418705373365"
"639"," 9.630275182462686","45.875797060820013"
"640"," 9.806595892451947","45.862176905933524"
"641","10.030315277178211","45.679176088348747"
"642","10.010635302549691","45.952028533500055"
"643"," 9.589604056167762","45.778511335172446"
"644","10.002579540303797","45.407060470004751"
"645"," 9.714324864085564","45.768021199276241"
"646"," 9.520095844096950","45.924869632473843"
"647"," 9.538216037866979","45.878660507280195"
"648"," 9.561892312281078","45.972409512700061"
"649"," 9.459544260413141","45.945657706811204"
"650"," 9.477609588303102","45.859171312351627"
"651","10.051216721666977","45.624086132927339"
"652","10.177489010314495","45.678097178546786"
"653","10.103226589303624","45.423006935395762"
"654","10.126107803455582","45.212306407627956"
"655"," 9.692954958210146","45.551917631148910"
"656"," 9.797705507005793","45.714653539532421"
"657","10.084992000472880","45.298853617257677"
"658"," 9.655845758499645","45.756880052480518"
"659"," 9.507566529748392","45.725707620475447"
"660"," 8.893162796845814","45.724180918140888"
"661"," 8.961769630295969","45.666037311001332"
"662"," 8.835763476127427","45.950655625377266"
"663"," 9.090591031001374","46.137031219833418"
"664"," 8.490394731865914","46.100558453058106"
"665"," 9.887891398715530","44.827002588641719"
"666"," 9.951123061490804","45.094109195270427"
"667"," 9.932173503895875","45.052195280307409"
"668"," 9.876333287779193","45.745929959196538"
"669","10.014404361399146","45.170372182102717"
"670","10.016850991281380","45.105684713322916"
"671"," 9.542868696717539","44.719504432471126"
"672"," 9.536098121617743","44.671756150899036"
"673"," 9.599109392844985","44.739879407879044"
"674"," 9.685565108502340","44.713208299618572"
"675"," 9.815800139050301","44.587584846094430"
"676","10.136058284572567","45.505900239172199"
"677"," 9.909990706999224","45.975477792786656"
"678","10.104471679422563","45.718274477976671"
"679"," 9.684706407670856","45.721763151370794"
"680"," 9.575946880037096","45.839576678175689"
"681"," 9.661161594706870","45.924078493302261"
"682"," 9.586802367403479","45.919167129313408"
"683","10.018527080321528","45.809401989870757"
"684"," 9.462954352385989","45.816105464459810"
"685"," 9.520356622961449","45.832931450977036"
"686"," 9.744827216755166","45.980924119802765"
"687"," 9.611792890194499","46.015778809019416"
"688"," 9.630707404707207","45.968343800194248"
"689"," 9.681359626732091","46.004290083910533"
"690"," 9.771083393613612","46.072971765095957"
"691"," 9.739781763547494","46.029592800113100"
"692"," 9.829455664466462","46.009868108185252"
"693"," 9.662500158013962","46.085495896239728"
"694"," 9.479208083698481","46.057279845679361"
"695"," 9.537306678019480","46.023173691323358"
"696"," 9.584420543121633","46.070203241120332"
"697"," 9.464198051900647","46.001934184063934"
"698"," 9.585506828252136","46.176716438438213"
"699"," 9.504067521404130","45.972015621675666"
"700"," 9.334345441749919","46.048613190310256"
"701"," 9.605993251627103","46.123350415259175"
"702"," 9.365856076278437","45.977846956163432"
"703"," 9.408487874634790","46.038354101482192"
"704"," 9.728194572024494","46.175973981940018"
"705"," 9.500632743311320","46.131403775367552"
"706"," 9.656704112313710","46.161971877214071"
"707"," 9.550127252609071","46.106112571694091"
"708"," 9.391310105361040","46.116835655418356"
"709"," 9.657698725612763","46.259496403327844"
"710"," 9.380067176993334","46.075380226316923"
"711"," 9.437717232703564","46.088908744384611"
"712"," 9.305302224556192","46.107231009758095"
"713"," 9.637946542531559","46.210834330432711"
"714"," 9.527052430655399","46.260176203765454"
"715"," 9.572757612300018","46.224334595022917"
"716"," 9.483386966095063","46.198977973870178"
"717"," 9.195279983473492","46.046438725335996"
"718"," 9.324469222939410","46.220939222575467"
"719"," 9.264311230010705","46.063889098085880"
"720"," 9.199231096556776","46.126852863190464"
"721"," 9.262481280306529","45.989194535840824"
"722"," 9.337335846545738","46.162154371152454"
"723"," 9.415338504908721","46.170494565160311"
"724"," 9.249281217943537","46.182432006232652"
"725"," 9.410069193547450","46.232631410281918"
"726"," 9.470492018546963","46.242219180098843"
"727"," 9.416485546728662","46.313934580973694"
"728"," 9.474606356736579","46.290032801540725"
"729"," 9.876391612286927","46.288973066653362"
"730"," 9.226349999999998","46.656264071714446"
"731"," 9.534931264384996","46.305667419316407"
"732"," 9.592555537032746","46.277481760659171"
"733"," 9.595936743501920","46.325155098710781"
"734"," 9.354183919369904","46.275662377007095"
"735"," 9.480586062895620","46.345455812048350"
"736"," 9.614353153313465","46.451368383023826"
"737"," 9.290350249584826","46.373686763548342"
"738"," 9.449999999999999","46.681595314775144"
"739"," 9.776940958511954","46.307117842596199"
"740"," 9.341620651475889","46.331104713235923"
"741"," 9.204674550706898","46.285604935051339"
"742"," 9.731351806251123","46.234273609374966"
"743"," 9.552129456241914","46.375509364760568"
"744"," 9.736139469520980","46.375057298277916"
"745"," 9.633694956961014","46.364540260561746"
"746"," 9.277449293056314","46.265443345027727"
"747"," 9.264902945798010","46.321015498049725"
"748"," 9.874462008284770","46.201126006151092"
"749"," 9.356801760246670","46.377469403348449"
"750"," 9.217373987101970","46.231899985367640"
"751"," 9.146906324796459","46.379573309054614"
"752"," 9.796362368888571","46.203283919393265"
"753"," 9.077738584347502","46.242672033509059"
"754"," 9.161432933595748","46.183506495809048"
"755"," 9.194343200856700","46.338408275993160"
"756"," 9.804319448208714","46.136089330080480"
"757"," 9.837899305779812","46.248130603804569"
"758"," 9.149683078482868","46.251351871619875"
"759"," 9.132236244585373","46.305291110841488"
"760"," 9.219521834037593","46.387739239463819"
"761"," 9.387582569235136","46.419705314297332"
"762"," 9.126046998681071","46.497654558432160"
"763"," 9.270986621992416","46.421988216217400"
"764"," 9.174779829221162","46.421922367146649"
"765"," 9.879332634275528","46.338162918156414"
"766"," 9.227645498297150","46.456659606962589"
"767"," 8.918225498997311","46.483687684199907"
"768"," 9.674959045580422","46.315429944769164"
"769"," 9.972837315542641","46.270925151492115"
"770"," 9.492266009457170","46.440176288056612"
"771"," 9.748200000000001","46.715370305522740"
"772"," 9.909868780609962","46.245935196917436"
"773","10.003373461877073","46.178697430253138"
"774"," 9.969896293554044","46.221735299989064"
"775","10.093446856190722","46.242606210985862"
"776","10.027550900532566","46.244616347022394"
"777","10.065487661690920","46.327050815362362"
"778"," 8.934325852963871","45.628970364338954"
"779"," 9.053031801441961","46.076938888764310"
"780"," 9.811823509303496","44.842102662073074"
"781"," 9.821455116244421","44.761553051710237"
"782"," 9.866778271122829","44.878042441063755"
"783"," 9.837623130031846","44.803108015353196"
"784"," 9.907701531987920","44.766814681543103"
"785"," 9.945025243305825","44.866808632597213"
"786"," 9.874126416386789","44.684332693626793"
"787"," 9.920456854558049","44.909719223455888"
"788"," 9.968515371953012","44.808784291429156"
"789","10.021541334108592","44.868339831510625"
"790"," 9.868641991341244","44.730199214467227"
"791"," 9.788151861979909","44.702188203634527"
"792"," 9.947591220817085","44.716167308373223"
"793"," 9.962533354806851","44.609017414152717"
"794","10.182633178441677","44.641166266240148"
"795","10.035899962685125","44.619733698181861"
"796"," 9.649809645843431","44.679877197142325"
"797"," 9.718738073730073","44.764075723655729"
"798","10.124689498184662","45.160456097781747"
"799","10.194104183502782","45.149104874358798"
"800","10.258424575552585","45.207200751965914"
"801","10.283957918652627","45.059631624583041"
"802"," 9.934159799543707","45.498351221451465"
"803","10.007877776637542","45.521738843574148"
"804","10.070536780935637","45.507909855393528"
"805","10.107085618045415","45.569918663747615"
"806","10.001825096009554","45.578901744261401"
"807","10.050841440290647","45.552804804643010"
"808"," 9.958355291825740","45.821029076960734"
"809","10.004461784323688","45.849936740976581"
"810","10.103785000556593","45.663697056860826"
"811","10.160968092823078","45.617805068366081"
"812","10.199961211775603","45.556009676782253"
"813","10.309265254484032","45.628373521977778"
"814","10.232887077879003","45.639051447636632"
"815","10.258812152316954","45.588955692361274"
"816","10.295877114411038","45.724222076905619"
"817","10.296394014421232","45.511414253039469"
"818","10.246413897379981","45.688416774481880"
"819","10.197941237930575","45.757915343639901"
"820","10.347225486535553","45.567401175707140"
"821","10.258921636504827","45.545565431187185"
"822","10.212504306009203","45.502004726021660"
"823","10.076495799302526","45.771054301385149"
"824","10.135602982882144","45.756866123979108"
"825","10.164168142586577","45.836325397502769"
"826","10.123666356666460","45.801404769099456"
"827","10.098502980529537","45.845738840008444"
"828","10.154697972952087","45.924179416980579"
"829","10.109988852100065","45.891030864427456"
"830","10.083774297811916","45.941027390191742"
"831","10.161049667581034","46.022409196846340"
"832","10.065681786013293","46.009201789975101"
"833","10.138479701180874","45.973934130765485"
"834","10.270070771707758","45.969592860854483"
"835","10.205132360482995","45.985019030050147"
"836","10.916641334001790","46.199738229726414"
"837","10.225797642654657","46.029403275072482"
"838","10.176065655348623","46.107892163112574"
"839"," 9.400653357410905","45.866064460675851"
"840"," 9.445690025719108","45.899975413372061"
"841"," 9.392721320698557","45.932084326992211"
"842"," 9.303116306518804","45.932150595481147"
"843"," 9.717752092507368","45.834191155426360"
"844"," 9.773049988717739","45.902605735899947"
"845"," 9.805787707373314","45.967580168827915"
"846"," 9.526696334773971","46.169707416351855"
"847"," 9.319042606469422","46.006174202581839"
"848"," 9.259953113638515","46.138241507311591"
"849"," 9.087691696446401","46.190070548851388"
"850"," 8.952168050555121","46.203768346878725"
"851"," 9.022634315336189","46.210571121350732"
"852"," 8.970517963470963","46.296396339958804"
"853"," 8.998866625468304","46.146575691472030"
"854"," 8.979631130338959","46.248233905694335"
"855"," 8.855544353530320","46.260775743654861"
"856"," 8.915111528516547","46.242005218795931"
"857"," 8.856132349667879","46.204119807477404"
"858"," 8.791134950154134","46.232105165519656"
"859"," 8.865053641092175","46.149217742387307"
"860"," 8.762509164995519","46.374265924314813"
"861"," 8.931062352705300","46.124697613182228"
"862"," 8.933177264244154","46.076445263173710"
"863"," 8.920054350004397","46.167169235152727"
"864"," 9.147101012592994","46.143867916362055"
"865"," 9.131277967273750","46.088021737363896"
"866"," 9.125627694139601","46.037663630417832"
"867"," 9.123256035179407","45.991368211136312"
"868"," 9.192465762218868","45.977115196373809"
"869"," 9.196732986929366","45.930810288648992"
"870"," 9.729442734856656","46.120182331447637"
"871"," 9.880924738448609","46.079485162675333"
"872"," 9.427153422028770","46.378151224336705"
"873"," 9.602257801045051","46.405480524081646"
"874"," 9.677188640278235","46.408208266614665"
"875"," 9.788938585171255","46.466278180799193"
"876"," 9.699789617137771","46.469912913948846"
"877"," 9.744528718648116","46.425986341192527"
"878"," 9.826264542873652","46.393299967714647"
"879"," 9.819736781677985","44.665248955680120"
"880"," 9.870627739955879","44.640334079536643"
"881","10.091620956550654","44.794683317156341"
"882","10.058850149223066","44.699302934008422"
"883","10.073211552538170","44.839584433990133"
"884","10.179861690510457","44.837517810162076"
"885"," 9.998699501751108","44.692517012598529"
"886","10.016371931597003","44.752001652013732"
"887","10.085239133170772","44.745239537971607"
"888","10.148118497304086","44.699974404935574"
"889","10.175411650767931","44.764233408262058"
"890"," 9.730855253516671","44.679185774823274"
"891"," 9.769098995763070","44.742089997494745"
"892","10.193407950925659","45.224850302202526"
"893","10.397794584848823","45.300479905968615"
"894","10.227622317106936","45.046096857952975"
"895","10.273897924906105","45.014410203340141"
"896","10.237831110080624","45.091002286700657"
"897","10.265039853343634","44.930310100532061"
"898","10.391159068489236","45.024282632748537"
"899"," 9.953607532212933","45.601588807063180"
"900","10.479567380112032","45.645953791324317"
"901"," 9.980865441890657","46.008758973606213"
"902","10.022427352865940","46.091680129031154"
"903"," 9.910859698673299","46.029677521818243"
"904","10.022907252121650","46.044782607919707"
"905","10.100904329740068","46.061714219456853"
"906"," 9.958780231597954","46.067897821432751"
"907"," 9.954785464203740","46.128696311721725"
"908","10.161375270200443","46.065794385613785"
"909","10.220239194537697","46.077670871824630"
"910","10.278149125560857","46.056776255600475"
"911","10.342809605682620","46.060575355678750"
"912","10.340539239797097","45.963666134825147"
"913","10.302777187158416","46.125558798222819"
"914","10.315945853501685","46.011206759048228"
"915","10.437844531225679","46.010971229874912"
"916"," 9.934162176148671","46.175966179247666"
"917"," 9.872701947435736","46.150277867851464"
"918"," 9.901827708153608","46.116363911006886"
"919"," 9.273954078378930","45.894004088158646"
"920"," 9.255894813393322","45.844266511475908"
"921"," 9.206367954875660","45.816687789017685"
"922"," 9.347880772649493","45.905874029048761"
"923"," 9.051723273502100","46.297632601613699"
"924"," 9.083283933601301","46.348103769295015"
"925"," 9.087582688921854","46.392217248370713"
"926"," 8.996083665998206","46.538398564142454"
"927"," 9.009869049482271","46.338958752108645"
"928"," 9.039715094193941","46.117220265796590"
"929"," 8.983430129693012","46.106438444361245"
"930"," 8.716434590815080","46.275705801976549"
"931"," 8.875126148429189","46.341008019924871"
"932"," 8.942503265344813","46.340173475239496"
"933"," 8.760774463852803","46.319905013408587"
"934"," 8.794665771825395","46.279306179670229"
"935"," 8.812233417615449","46.346261785469018"
"936"," 8.850202194404988","46.383471467411631"
"937"," 9.167562951189854","46.465418839436850"
"938"," 9.208489947874593","46.499135584390359"
"939"," 9.094571317676602","46.447214744623160"
"940"," 9.271432242634887","46.490176165570205"
"941"," 9.045691918279317","46.493007479399516"
"942"," 9.024351703841823","46.424041966584930"
"943"," 9.073941832999102","46.593109444085002"
"944"," 8.977788897568502","46.384915259821426"
"945"," 8.950625605159701","46.435107081953483"
"946"," 8.914064458452835","46.381086355544859"
"947"," 9.165016110352116","46.562364599585834"
"948"," 9.067867655771320","46.541899266914882"
"949"," 8.981209156696309","46.493577983921675"
"950"," 8.896767109179335","46.420381966063410"
"951"," 9.249502608684546","45.948571338092925"
"952"," 9.823843192497916","46.094820695968096"
"953"," 9.721150700931245","46.281231522425692"
"954"," 9.779141909047521","46.262714445730381"
"955"," 9.729383480623522","46.332766572648381"
"956"," 9.784603952982236","46.349686480567271"
"957"," 9.753384831997508","46.580978781029778"
"958"," 9.983812785641181","46.430067173041557"
"959"," 9.939184845721719","44.666898965432225"
"960","10.028785373794150","44.796019961544168"
"961","10.149394443160768","44.801750583351385"
"962","10.210105291143030","44.799869696937556"
"963","10.281201103509030","44.738121371474655"
"964","10.283897636309119","44.855135993743772"
"965","10.460758867048586","45.475043301970999"
"966","10.309692894105991","45.267879457328185"
"967","10.397887299700018","45.620008650248295"
"968","10.094851160069132","46.121038096542769"
"969","10.156945447638627","46.182192254853852"
"970","10.033872243905384","46.137531705032877"
"971","10.086908124072524","46.171813940945533"
"972","10.144231446223191","46.142117737085862"
"973","10.208442339641271","46.147923046002774"
"974","10.239354896882073","46.208499182073979"
"975","10.049976786095639","46.205198159634129"
"976","10.396286258874158","45.932311335217967"
"977","10.290595975380864","45.877400102097347"
"978","10.332599649339041","45.915502194638805"
"979","10.376854208016420","46.000266777451522"
"980","10.406160110944141","45.843264772278566"
"981","10.383642165709290","45.886793433188743"
"982","10.502931169104686","45.893542034845652"
"983"," 8.665234343386176","46.251627979233454"
"984"," 9.330629187690846","46.455884069005442"
"985"," 9.418599479502886","46.485578425880952"
"986"," 9.346562278795536","46.513131721886019"
"987"," 9.445067555482799","46.582706805025950"
"988"," 9.289891263352585","46.533557523619251"
"989"," 9.300899999999997","46.664707819401343"
"990"," 9.410847581007348","46.537060368384758"
"991"," 9.524100535207042","46.519722179352200"
"992"," 9.471882446343733","46.543082889893775"
"993"," 9.599100000000002","46.698482810148946"
"994"," 9.219890647803421","46.542374658994433"
"995"," 9.348607500529473","46.566350123449944"
"996"," 9.285442817589788","46.580837381834144"
"997"," 9.337268989518023","46.618626115454063"
"998"," 9.375449999999997","46.673151567088240"
"999"," 9.422623424442314","46.632784988276889"
"1000"," 9.492304903085341","46.621113471066160"
"1001"," 9.536118002328550","46.574884175425439"
"1002"," 9.634652986190032","46.535682944365377"
"1003"," 9.584911681772857","46.632185071995501"
"1004"," 9.575250165982384","46.542285680809833"
"1005"," 9.581709039247885","46.493954043182860"
"1006"," 9.615045769603300","46.585318191226271"
"1007"," 9.683550252221732","46.572331371771156"
"1008"," 9.705738377721758","46.522260243779293"
"1009"," 9.701345914660596","46.647201253178956"
"1010"," 9.647047048634574","46.624192248698570"
"1011"," 9.644492352826161","46.491313206052816"
"1012"," 9.136431522515126","46.603358395908579"
"1013"," 9.912620630800985","46.395107608643073"
"1014"," 9.973679981437467","46.343460351811729"
"1015"," 9.893950025288570","46.468969761249269"
"1016"," 9.972725410995245","46.387123170747543"
"1017","10.030329530346028","46.365928967926060"
"1018","10.144396931065442","46.391008225877925"
"1019"," 9.868076611802255","46.427497903893794"
"1020"," 9.926601152509130","46.435045669160509"
"1021"," 9.962934939232003","46.477866574980759"
"1022","10.092003077181248","46.480403061287618"
"1023","10.046399999999998","46.749145296270328"
"1024","10.027969802543758","46.466133425904076"
"1025"," 9.918280641527492","46.513619083423620"
"1026","10.056700001110841","46.416362210390147"
"1027","10.022243245254666","46.547763924407207"
"1028"," 9.827558620399738","46.526262410358314"
"1029","10.329366394198226","44.662598834298436"
"1030","10.385757384815671","45.509785705898302"
"1031","10.258027516164979","45.248761611962756"
"1032","10.431255658592178","45.174086626799728"
"1033","10.308544039521967","45.346501504381713"
"1034","10.398357923165749","45.697823238951301"
"1035","10.171832667111790","46.237408262244756"
"1036","10.277340735735217","46.308452498065044"
"1037","10.139789704948228","46.295018546913028"
"1038","10.238613408718717","46.262302259183990"
"1039","10.129911894623270","46.343311688937931"
"1040","10.203850423096098","46.326365671214184"
"1041","10.372513371356836","46.236339616316094"
"1042","10.285052739506707","46.410464835211634"
"1043","10.310689356809233","46.262809053109237"
"1044","10.407293577251243","46.327857850872874"
"1045","10.346148476524377","46.305064663589881"
"1046","10.341045259632359","46.365289810453007"
"1047","10.261055804621481","46.360235518210743"
"1048","10.794420667000894","46.423779276876985"
"1049","10.215064096275949","46.399485210602570"
"1050","10.222809034160102","46.493596849287634"
"1051","10.167159329593797","46.448715019193763"
"1052","10.237517613964156","46.445760860828003"
"1053","10.348883339737609","46.488303322478927"
"1054","10.284801052882063","46.478250270708166"
"1055","10.291892393823401","46.564419808339835"
"1056","10.416923782312924","46.385179996180788"
"1057","10.108318354434063","46.438829318306546"
"1058","10.478449385962364","46.432984534138399"
"1059","10.387857686113625","46.438409371559622"
"1060","10.440912590155845","46.272208279319706"
"1061","10.438663183515164","46.491370978714059"
"1062","10.345126040448374","46.408162081340876"
"1063","10.483332178849464","46.324700704231347"
"1064","10.384719981716101","46.275671511952460"
"1065","10.495732323121157","46.167664700757854"
"1066","10.447681764833602","46.214414345987144"
"1067","10.377399045814867","46.168181414537514"
"1068","10.584128992787258","46.249993778506905"
"1069","10.516998393586000","46.275829091797931"
"1070","10.523155116731090","46.218018977468468"
"1071","10.607085733700249","46.337843646943924"
"1072","10.630533963305622","46.159196228560553"
"1073","10.548152595593878","46.317130736993967"
"1074","10.539342584355136","46.383051448656026"
"1075","10.588830383612638","46.199770732269144"
"1076","10.707254353024149","46.230650492097105"
"1077","10.641750245314990","46.227521994914078"
"1078","10.668818792035839","46.289800838860856"
"1079","10.269377386785417","46.166370179212876"
"1080","10.311724461856921","46.208289473415725"
"1081","10.245733625930196","46.115486519079766"
"1082"," 9.434076459024931","46.445198118411497"
"1083"," 9.482411928794686","46.485211364283991"
"1084"," 9.219586221614049","46.590370941395747"
"1085"," 9.271545766083763","46.624806054725347"
"1086"," 9.524550000000001","46.690039062462048"
"1087"," 9.934690607701727","46.307421352642912"
"1088","10.009677037882765","46.306976892102533"
"1089","10.062151008672032","46.282163274843384"
"1090"," 9.840538041749165","46.485663602348716"
"1091"," 9.833027251254631","46.583053496037479"
"1092"," 9.790280461589239","46.639314461091196"
"1093"," 9.765854351187722","46.536594351875898"
"1094","10.213640373532856","44.720862406266960"
"1095","10.255999786319951","44.651882550269292"
"1096","10.282464290358137","44.692934924751590"
"1097","10.355111017738501","44.716573298634451"
"1098","10.402733002076500","44.673315118327579"
"1099","10.357243557292607","44.795750476795561"
"1100","10.334789459786178","44.756455793193503"
"1101","10.417295774476017","44.755322014756317"
"1102","10.283483701438675","44.794334268075339"
"1103","10.429722711055277","44.712532953781377"
"1104","10.374735731502385","44.859575034398731"
"1105","11.063032472980971","44.769761674589866"
"1106","10.429856388940790","44.807810779620930"
"1107","10.769566041467874","44.726896538473298"
"1108","10.338368850207805","45.434817775844351"
"1109","10.484349591471430","45.559702013316851"
"1110","10.390144341812347","45.233990147462542"
"1111","10.337822904066140","45.171957654565205"
"1112","10.263880335617120","45.306853217389111"
"1113","10.336904621692341","45.307397634745897"
"1114","10.376940859776129","45.347011422630786"
"1115","10.502850281896221","45.350151308379502"
"1116","10.342147979529157","45.387439121162188"
"1117","10.440515498094582","45.335898159498925"
"1118","10.274403039879084","45.408448390554192"
"1119","10.425544728872952","45.414599270191431"
"1120","10.507056551395852","45.264094465648078"
"1121","10.360022153478576","45.659033511935355"
"1122","10.422627947796398","45.658840327999421"
"1123","10.471148507688376","45.697598627607093"
"1124","10.435188259754035","45.769642738291218"
"1125","10.603530810615876","45.682436451125042"
"1126","10.534346095930331","45.676682302087272"
"1127","10.568571398028435","45.605278021896808"
"1128","10.555550879411172","45.761684277130890"
"1129","10.525166608786403","45.721701060990107"
"1130","10.389557617165616","46.552784878621097"
"1131","10.709960027803474","46.424782482369061"
"1132","10.380142108460339","46.111092136625032"
"1133","10.419253845145107","46.064048735271122"
"1134","10.436335673130573","46.141047961836961"
"1135","10.520781642611055","46.092023554601916"
"1136","10.486327957120658","46.047835150585833"
"1137","10.545430255373081","45.973477660843848"
"1138","10.583559664409297","46.038102939773196"
"1139","10.499763452612525","46.004121015813269"
"1140","10.458591244403667","45.960447765185336"
"1141","10.478298981515481","46.388980785383225"
"1142","10.605567128059251","46.292590822636569"
"1143","10.855531000501340","46.311758753301703"
"1144","10.715357417372429","46.364568407021409"
"1145"," 9.533216357507385","46.649659499671039"
"1146"," 9.897300000000000","46.732257800896534"
"1147"," 9.750834481963821","46.672146668287752"
"1148"," 9.673650000000000","46.706926557835843"
"1149"," 9.822749999999999","46.723814053209637"
"1150"," 9.811202685764004","46.680645284599713"
"1151"," 9.882835064369146","46.638777403507738"
"1152"," 9.644026643965933","46.668237080921323"
"1153","10.622832825711324","44.705463970415011"
"1154","10.325305966442230","44.899229557000716"
"1155","10.443493669482475","44.938848632359424"
"1156","10.345991676194442","44.965044891776195"
"1157","10.392635655933717","44.906504229154706"
"1158","10.464263394329061","44.867358879501531"
"1159","10.331701450702617","44.832457268773013"
"1160","10.339962325436900","45.479429442753833"
"1161","10.396219343814225","45.456083868622308"
"1162","10.457923522783069","45.602147997536640"
"1163","10.415763837803210","45.563336224816119"
"1164","10.448963190993151","45.520726638718045"
"1165","10.535191163874000","45.508467450045181"
"1166","10.364790769821619","45.268947919766788"
"1167","10.324474975386384","45.220117518907465"
"1168","10.281680037129773","45.170678375093239"
"1169","10.344801341997186","45.107497855756634"
"1170","10.383578199049703","45.194541713874372"
"1171","10.217109406578672","45.399201986012329"
"1172","10.257660769417260","45.367967116881857"
"1173","10.525997332125394","45.420196261657658"
"1174","10.440806399782156","45.264485532021332"
"1175","10.473387499475960","45.217272430885174"
"1176","10.559500703017449","45.142330863751397"
"1177","10.501647919483430","45.171127225007531"
"1178","10.459906811664471","45.093179029635323"
"1179","10.587560708997433","45.215141004479328"
"1180","10.463507143264058","45.136871581727050"
"1181","10.398490811361642","45.133861858223661"
"1182","10.334451325458597","46.531733901892053"
"1183","10.392212348923550","46.513144597228361"
"1184","10.445359578588530","46.534826061420574"
"1185","10.519797211619332","46.506982837867241"
"1186","10.508399999999996","46.715370305522740"
"1187","10.569441263650855","46.449937067136254"
"1188","10.517019304846926","46.567882131660163"
"1189","10.446454109501305","46.589772499526845"
"1190","10.590299999999997","46.681595314775144"
"1191","10.355195179037226","46.620574106525609"
"1192","10.608295818990531","46.098402384213614"
"1193","11.038862001002688","45.975697182575843"
"1194","10.510779899613562","45.937144930378274"
"1195","10.615069801646557","45.905405172618273"
"1196","10.765595796843071","46.285938698931197"
"1197","10.669349289234061","46.334405867636690"
"1198","10.643756360028386","46.387307003771205"
"1199","10.733310333500446","46.535799800452267"
"1200","10.621674604230590","46.539835785662426"
"1201","10.763865500250670","46.479789538664626"
"1202","10.640280636610369","46.439012810572642"
"1203","10.618080066659784","46.488209943469649"
"1204","10.690256567469179","46.477673159649704"
"1205","10.561242462241331","46.538429358236804"
"1206","10.589073667794853","46.591415327655163"
"1207","10.702755166750222","46.591810062239908"
"1208","10.645801424306072","46.608215442014327"
"1209","10.596166581713380","46.636460363938305"
"1210","10.513167199525855","46.653718203876558"
"1211","10.678555326825235","46.552817155712596"
"1212","10.416223868688572","46.680813767101625"
"1213","10.500980398637736","46.610477030477405"
"1214","10.449930932382344","46.640314331686064"
"1215","10.473351906281447","46.683067532349455"
"1216","10.426500000000001","46.749145296270328"
"1217"," 9.877700641623129","46.686493940671745"
"1218"," 9.997532783701759","46.669073432127284"
"1219"," 9.971850000000000","46.740701548583431"
"1220"," 9.934143289655205","46.665593394667511"
"1221","10.195499999999997","46.766032791644122"
"1222"," 9.961592687748128","46.600345959061436"
"1223","10.511563808643814","44.746974979147190"
"1224","10.334408190988391","45.007955434113093"
"1225","10.285481410112160","44.971499661003243"
"1226","10.408963647543935","44.978951968683319"
"1227","10.525757671507881","45.002623302824247"
"1228","10.458413494982715","45.013310687713407"
"1229","10.506030100998858","45.052797747375052"
"1230","10.640417514496297","45.052690196770037"
"1231","10.527758526128684","45.099089910644651"
"1232","10.573202573359756","45.039206754433621"
"1233","10.602477228969068","45.098670252724297"
"1234","10.640273437015203","44.960838798251181"
"1235","10.622210680345477","45.006779010835686"
"1236","10.745257111651789","45.006680536448918"
"1237","10.683753338411986","45.019124582627292"
"1238","10.745389030403846","45.090780576059075"
"1239","10.662222512643119","45.161296864196096"
"1240","10.674279014422805","45.097921984355096"
"1241","10.554032601838587","45.556494279691300"
"1242","10.663805530819532","45.508623242160056"
"1243","10.639998488947489","45.568920050951725"
"1244","10.599467588336285","45.521501028718440"
"1245","10.588687410810239","45.461244785486961"
"1246","10.659217163844747","45.361340369699732"
"1247","10.604227534410290","45.404187919560279"
"1248","10.551751797839017","45.378880210953312"
"1249","10.587085573563616","45.312595595051050"
"1250","10.710286158559867","45.434206549413332"
"1251","10.645942323845809","45.439592778206269"
"1252","10.349661373871955","45.060683562405934"
"1253","10.521695530710641","45.464804733641088"
"1254","10.473770085977561","45.435720299554617"
"1255","10.478606220206000","45.391436097227654"
"1256","10.515203821021048","46.465399365325084"
"1257","10.345668064506540","46.579772102150422"
"1258","10.299686830142527","46.606218368598874"
"1259","10.298520507890814","46.670449760205742"
"1260","10.192053368853939","46.595188649448417"
"1261","10.560229074572392","46.139845191187533"
"1262","10.800149250894199","46.067682934381651"
"1263","10.638309227741724","45.983570411121022"
"1264","10.812558794370405","46.217305753980625"
"1265","10.824975833751116","46.367769015089344"
"1266","10.769118737086441","46.384479624961550"
"1267","10.770823092135711","46.335145944169746"
"1268","10.589695419451829","46.408388822874777"
"1269","10.068418531862394","46.614501601124331"
"1270","10.036255614048157","46.704660079673488"
"1271"," 9.896933146850778","46.593129109526039"
"1272"," 9.955966939123288","46.552898011951683"
"1273","10.549466217833050","44.694747686385867"
"1274","10.525013813431247","44.814604255936622"
"1275","10.549031731013345","44.917208144698151"
"1276","10.801547461256787","45.568916873467380"
"1277","10.646882142731489","45.629795145394851"
"1278","10.720773976560814","45.594895985464305"
"1279","10.755852395002305","45.711008621591979"
"1280","10.685332784916284","45.681378759844911"
"1281","10.758803847106599","45.649793952309906"
"1282","10.667662254753386","45.760466731983819"
"1283","10.909251531247385","45.684138508646967"
"1284","10.645330504198766","45.717369884338972"
"1285","10.827246828867050","45.682121243812517"
"1286","10.832390954968286","45.623434921466121"
"1287","11.099972334503136","45.863676659000561"
"1288","10.879239110298441","45.578201870862408"
"1289","10.824544450428819","45.738169994232891"
"1290","11.283303335004478","45.527615088274715"
"1291","10.901855917450876","45.739115876100655"
"1292","10.759326044203107","45.796785838175950"
"1293","11.114607655975584","45.664087509765778"
"1294","11.003973012440339","45.680162224242629"
"1295","11.033835378539530","45.720431572077068"
"1296","10.767645837235808","45.753689446949913"
"1297","10.952272851277954","45.557120893419061"
"1298","10.963921978717176","45.715633192119576"
"1299","11.222193001504030","45.639635611849997"
"1300","10.739045608595426","46.046898694760479"
"1301","10.957819993991363","45.760994005393300"
"1302","11.405524002005375","45.303574041124143"
"1303","10.863436920325162","45.475183756997076"
"1304","10.947343835658939","45.623495140927226"
"1305","10.891677525092007","45.525101015417718"
"1306","10.818263993525244","45.517257204785672"
"1307","11.001442562867837","45.464383242194891"
"1308","10.739014152145179","45.531383071015497"
"1309","10.781992942792909","45.463978926486440"
"1310","10.958547933254543","45.505799066110519"
"1311","11.082781610856330","45.539405686379212"
"1312","11.014029607073400","45.535116779848678"
"1313","11.040451667563188","45.602313898332000"
"1314","10.722066796802974","45.485176733290082"
"1315","10.820029046569182","45.358295347269589"
"1316","10.836707002753172","45.417691825872467"
"1317","10.766063758034198","45.396919318668644"
"1318","10.958933212769654","45.369288769815718"
"1319","10.705258322495972","45.390440653556382"
"1320","10.738533083773733","45.330447678583774"
"1321","10.925102519468901","45.428639724840359"
"1322","10.887030586823490","45.379589566391232"
"1323","10.900338714978481","45.293798265362703"
"1324","10.912808382213614","45.338207443258682"
"1325","11.004193690431327","45.302017756972653"
"1326","10.600381644273766","45.354158903332880"
"1327","10.524195845147069","45.307602748059956"
"1328","10.355725284249674","46.720015683830333"
"1329","10.062659145372347","46.661459550182521"
"1330","10.120949999999997","46.757589043957225"
"1331","10.141842977873644","46.642755419016666"
"1332","10.222798137145496","46.649050575462837"
"1333","10.114189924156035","46.677894783767911"
"1334","10.177117740762428","46.680039612869514"
"1335","10.240933831406355","46.695362361615636"
"1336","10.688852937445633","46.115840041743155"
"1337","10.671802595063919","46.052372290096713"
"1338","10.750873159520991","46.166468835364817"
"1339","10.691145328677798","46.159102998930329"
"1340","10.587539942695992","45.998853200217148"
"1341","10.598198461518086","45.948809586975820"
"1342","10.663528629970763","45.938390517322389"
"1343","10.711652632435124","45.867665940629017"
"1344","10.764655130011462","46.243096109710109"
"1345","10.886086167251568","46.255748491514055"
"1346","10.822418995337861","46.263875589642332"
"1347","10.010030083757560","46.626580876879864"
"1348"," 9.881058658267545","46.549737420437694"
"1349","10.481164319720737","44.784556587320395"
"1350","10.600966523094915","44.772400426697040"
"1351","10.569799446657633","44.735407002550076"
"1352","10.488295907399348","44.908205382033195"
"1353","10.530646538884783","44.871462034573923"
"1354","10.506681099527912","44.953951492157415"
"1355","10.653372461758515","44.871055179788115"
"1356","10.572999161050721","44.962126672997755"
"1357","10.592089828203655","44.883621130460860"
"1358","10.603012777509878","44.828274832669102"
"1359","10.637983452117869","44.915289008020061"
"1360","10.755458081697498","44.912658143034164"
"1361","10.697712241235816","44.936561219076559"
"1362","10.711002880784552","44.798300729023651"
"1363","10.649479891832815","44.799450279552616"
"1364","10.696199433589598","44.716180254444154"
"1365","10.678800148107578","44.759521488598629"
"1366","10.889848882850609","45.641494840218499"
"1367","10.695401563095759","45.558085524136509"
"1368","10.984406844632396","45.591618893732750"
"1369","11.137038905735317","45.596752880710476"
"1370","11.004660154718817","45.637041779305399"
"1371","10.666865802508541","45.303964009115695"
"1372","10.617573901407447","45.263943547830600"
"1373","10.765166873566075","45.230959570008132"
"1374","10.668288682451744","45.218920772900425"
"1375","10.731182296629150","45.277880711296554"
"1376","10.676787941361029","45.260889802041305"
"1377","10.816873153090105","45.279806762490431"
"1378","10.885735754567637","45.204230323599148"
"1379","10.848210979403639","45.318440547475383"
"1380","10.870402984195362","45.250897069214737"
"1381","10.963224655872926","45.241838451270837"
"1382","10.993236937548302","45.413859875255660"
"1383","11.054625955227374","45.360733385419529"
"1384","11.097727051578598","45.430803114556852"
"1385","10.923056065704442","45.471370243592496"
"1386","10.468105543654822","45.300248884770092"
"1387","10.359322106554966","46.664333245018071"
"1388","10.093731289921500","46.718773606935919"
"1389","10.155152772631379","46.721075459722030"
"1390","10.270049999999998","46.774476539331019"
"1391","10.239972334259848","46.737833546373444"
"1392","10.294317525305653","46.717220110607009"
"1393","10.702611965695750","46.006159763524117"
"1394","10.878788537637996","45.816679428336812"
"1395","10.820393461742116","45.981099288086831"
"1396","10.792911892621046","46.022320277585131"
"1397","10.977751667502242","46.087717706151125"
"1398","10.898006526750454","46.036741442067203"
"1399","10.862360597100210","45.773654906575963"
"1400","10.845943073684898","46.152125402829604"
"1401","10.546074302483609","44.777970262909818"
"1402","11.091573869542076","45.624599001696225"
"1403","11.086472502911125","45.579393016091835"
"1404","11.182962443419957","45.532815971384530"
"1405","11.161554230485040","45.636493198108944"
"1406","11.191637834753807","45.695645873637638"
"1407","10.954735145199031","45.281991889360853"
"1408","11.017816574980388","45.124915497842380"
"1409","11.002919746475003","45.342984225992964"
"1410","11.175131079023132","45.267516647684793"
"1411","11.051458855459401","45.403525520733886"
"1412","11.112483025882566","45.384373981190784"
"1413","11.125000964500108","45.320801396889358"
"1414","11.344413668504924","45.415594564699433"
"1415","11.158135873461646","45.416187582639246"
"1416","11.190591756325967","45.359805943843888"
"1417","11.172366842092261","45.474304364499552"
"1418","11.229934338688809","45.498730942430235"
"1419","11.243616423130451","45.435455598447383"
"1420","11.313858501754702","45.471604826487074"
"1421","11.129252089193091","45.508033029981625"
"1422","11.062335377522295","45.490707722123908"
"1423","10.763343450062935","46.113979209523798"
"1424","10.744998247929351","45.954053410668330"
"1425","10.716727955458607","45.913143673654915"
"1426","10.820442119591137","45.884354948736728"
"1427","10.807200523434215","45.932723726746836"
"1428","10.933555934724515","45.925263288007095"
"1429","10.872661190330438","45.948721002560553"
"1430","10.939216240662265","45.984815232192815"
"1431","10.879080665121716","45.994772012791103"
"1432","10.984101486423251","45.952725350185816"
"1433","11.069417167752912","45.919686920788202"
"1434","10.999725901279843","45.900589369423159"
"1435","11.008306834252465","46.031707444363484"
"1436","10.931259460520351","45.864515509108450"
"1437","10.954476802711964","46.048982248524908"
"1438","10.907820119422373","46.086220906062870"
"1439","10.947196500752014","46.143727967938773"
"1440","10.883360014274830","45.895835403914980"
"1441","10.952834986412823","45.813840632937463"
"1442","11.130527501253360","45.807666397212920"
"1443","10.859324279771075","46.192574283383941"
"1444","10.803971129960969","46.178109511897667"
"1445","11.252748168254252","45.583625350062356"
"1446","11.191838820410663","45.576451861143227"
"1447","11.135406815333941","45.555771738625815"
"1448","10.967435786307211","45.177877778827998"
"1449","11.072397069836452","45.241123414246246"
"1450","11.062998438520431","45.316656147988439"
"1451","10.893163666123103","46.126972677696386"
"1452","10.835116681303251","46.106564404043922"
"1453","11.015096021788443","45.759136012436358"
"1454","11.075593941924879","45.752413656246993"
"1455","11.096523243245258","45.708571141441730"
"1456","11.055845771839282","45.803990129013656"
"1457","10.875241016534414","45.109838411278048"
"1458","11.112728060507241","45.276236864353734"
"1459","11.018048605684509","45.260000709187281"
"1460","11.016189156642355","45.211566543784144"
"1461","11.103326224558916","45.169068196298021"
"1462","11.028453809902691","45.852487740473755"
"1463","10.904227108285696","45.155687769038281"
"1464","10.801176016876067","45.161727734692143"
"1465","10.947180292657364","45.114233668292677"
"1466","10.922118864052351","45.020944260544987"
"1467","10.916230867799216","45.070113471770668"
"1468","10.824131323954656","45.052279699248196"
"1469","11.015751920242192","45.051429411705591"
"1470","10.820524324478203","45.206255964205113"
"1471","10.731570795372653","45.182650417895680"
"1472","10.719074346090524","45.135226307813824"
"1473","10.806709364060179","45.112843896806595"
"1474","10.762896997364226","45.048716491793932"
"1475","10.838752547903553","44.981772830784919"
"1476","11.044593860597454","44.917625708689570"
"1477","11.121619923627783","45.086669674975390"
"1478","10.862937658932752","45.020358593566527"
"1479","10.802299775190829","45.013942949411302"
"1480","10.774663060149438","44.961014760132784"
"1481","10.838032504727495","44.922050213417990"
"1482","10.814115503354257","44.839437001019675"
"1483","10.926472792938512","44.951369718040915"
"1484","10.804186216928239","44.883976587108457"
"1485","10.732215813925102","44.857051993036066"
"1486","10.891524813739551","44.871076062919968"
"1487","11.056581857087416","45.087601971081547"
"1488","11.087770871333936","45.039797209589423"
"1489","11.032504593832394","44.984783993000065"
"1490","11.527744669006275","45.079532993973572"
"1491","11.158232601066429","45.043507928300357"
"1492","11.129713366201393","44.976629539213405"
"1493","11.280240587557802","45.025722661946055"
"1494","11.189225124692458","45.086424816438722"
"1495","11.178983796508344","45.145091696667087"
"1496","11.123808421212225","45.129152923341636"
"1497","11.222748050553973","45.046905498676026"
"1498","11.171676477947408","45.206217774730298"
"1499","11.240866354969171","45.179651944280948"
"1500","11.113035800045411","45.210608975578026"
"1501","11.230144232025436","45.235235729736409"
"1502","11.310656485232782","45.278802991805385"
"1503","11.195269215514283","44.998908290116155"
"1504","11.303470664690378","45.108288309914066"
"1505","11.356498904494069","44.812626810706433"
"1506","11.217783002006163","44.904760031682429"
"1507","11.187937829948350","44.949566284617688"
"1508","11.121347772453664","44.921959853647259"
"1509","11.286131989662367","44.955462488672893"
"1510","11.466634335505827","45.191553517548854"
"1511","11.243911843310837","45.131322992903236"
"1512","11.302197127466336","45.157410352138328"
"1513","11.303980853994181","45.214183096619770"
"1514","11.400831311634644","45.134145595982638"
"1515","11.209765688737521","44.791194242648153"
"1516","11.369522704704677","45.184731794915116"
"1517","11.086486628509114","44.888026479389843"
"1518","11.009815255207464","44.862586594070258"
"1519","11.156927354832549","44.877207706944155"
"1520","11.436079168755601","45.247563779336502"
"1521","10.970850342210662","44.908274316255017"
"1522","11.035131212256715","44.815796028754981"
"1523","10.916299257224425","44.748329106531585"
"1524","10.943724222711088","44.817453035591875"
"1525","10.989665865102699","44.759045390560729"
"1526","11.107378261104728","44.835018130938167"
"1527","11.225906601577558","44.847540151860393"
"1528","10.989775442934661","44.951422562918026"
"1529","11.136399080859247","44.780477958619009"
"1530","11.283132296615795","44.801910526677290"
"1531","11.319030310366907","44.883189675957510"
"1532","11.372906414923317","45.262238217826443"
"1533","11.415140922863873","45.209478674292896"
"1534","11.169723594683070","44.826399021534861"
"1535","11.262183670286745","44.879072017734501"
"1536","11.295919217950610","44.843713317393885"
"1537","10.895288480343934","44.985230835887052"
"1538","10.897095996207282","44.913866115676136"
"1539","10.983775550445745","45.012931463194363"
"1540","11.084268352449627","44.999922427433177"
"1541","11.077532166357493","44.958952179912728"
"1542","11.282795591531231","45.366187017121035"
"1543","11.252015669515554","44.989259057544182"
"1544","11.588855002506721","44.967512470398290"
"1545","11.497189502256049","45.135543255761213"
"1546","10.949739295805399","44.860214638014256"
"1547","10.877564598111618","44.824368435080068"
"1548","10.842932649346150","44.737612822502442"
"1549","10.772561646481989","44.806076895637624"
"1550","10.869256648402802","44.779155980395934"
"1551","10.796590212755053","44.765993997203864"
"1552","11.374968835255151","45.359584302911784"
"1553","11.344005823230470","45.318708998512726"
"1554","11.278578524975968","45.319542952136139"
"1555","11.238053025446035","45.282169498548427"
"1556","11.189378067863082","45.313207546382223"
"1557","11.382815325974729","45.062308444025177"
"1558","11.450751585227268","45.090360811485212"
"1559","11.443755076130698","45.043008636180772"
"1560","11.374611022088487","44.990355001226078"
"1561","11.287142148562715","45.407728745664173"
"1562","11.229795283965187","45.393092218073193"
"1563","11.362141224837867","45.102024953762239"
"1564","11.318088630192213","45.063239807649097"
"1565","11.558299835756499","45.023522732185931"
"1566","11.503443542242836","45.040511896217893"
"1567","11.468296150093265","44.977076441645991"
"1568","11.530314184002510","44.983476118311728"
"1569","11.503232120250617","44.834059378764721"
"1570","11.315630063389598","44.991980560254859"
"1571","11.361255258055298","44.932952735347463"
"1572","11.523584117269632","44.908137901506414"
"1573","11.429865512372343","44.823343094735577"
"1574","11.427249096129051","45.004577689631589"
"1575","11.364824196822209","44.855239126895498"
"1576","11.451944498902465","44.879714066601252"
"1577","11.461019088566275","44.928318241825217"
"1578","11.413469250207170","44.956248322392696"
"1579","11.393336123138457","44.894805798003127"
"1580"," 9.201186931315773","44.893923355673053"
"1581"," 9.556571256605624","44.814331738270674"
"1582"," 9.209623894373475","44.684984685045109"
"1583"," 8.744307446415476","46.013453786076994"
"1584"," 9.725483295921352","45.935613939632262"
"1585"," 9.490302204929186","46.392778377684017"
"1586","10.109266570563401","44.630449982211005"
"1587","10.103887606674531","44.672284434645285"
"1588","10.170092744103473","44.942867642476529"
"1589","10.224357768173959","44.962787876000291"
"1590","10.144149849490354","44.983856330975016"
"1591","10.107491170306323","44.929513043457639"
"1592","10.205918670440029","44.891656582844817"
"1593","10.152304666924840","44.874553420561476"
"1594"," 8.902279748393291","46.296291466108109"
"1595","10.210692879895186","45.883071550501043"
"1596","10.256282750993195","45.920764605898263"
"1597","10.206856350755411","45.943204575477168"
"1598","10.255067571826205","45.813385231550427"
"1599","10.197709356836921","45.800780352871882"
"1600","10.263768039629580","45.766070489519421"
"1601","10.349294934547856","45.772342266648657"
"1602","10.356291280651385","45.729192415169010"
"1603","10.394096682266110","45.801107254500067"
"1604","10.457350622355237","45.813831822314960"
"1605","10.332047775326116","45.832125482034066"
"1606","10.458666902856711","46.099054060549484"
"1607","10.572091602312135","45.836337712904893"
"1608","10.603232386656817","45.172895826610372"
"1609","10.120293892387737","46.547461285664795"
"1610","10.071110439523073","46.521474011663670"
"1611","10.154123152310850","46.503605764657401"
"1612","10.201272983768806","46.543441563390601"
"1613","10.126858235553486","46.593813001841170"
"1614","10.071415648316092","46.571924678483867"
"1615","10.685256012803384","45.814987854506981"
"1616","10.640153079432933","45.856232175227653"
"1617","10.618193349578240","45.797320224915921"
"1618","10.775122970466976","45.845826540503843"
"1619","11.038854450807721","45.168450409044610"
"1620","11.576598728128891","44.844775662793865"
"1621","11.619410169256943","44.911502208610649"
"1622","11.573116594349194","44.886285839515068"
"1623","10.562912209051079","45.880608127232357"
"1624","10.506704586444748","45.845936996312119"
"1625","10.519613889791488","45.800404893344890"
